feature,importance
numeric__avg_engagement_score,0.112763
numeric__avg_monthly_logins,0.087393
categorical__contract_type_Monthly,0.085692
numeric__avg_monthly_sessions,0.078567
numeric__avg_session_minutes,0.068301
numeric__avg_features_used,0.062301
categorical__contract_type_Quarterly,0.048538
numeric__avg_satisfaction_score,0.028934
categorical__contract_type_Annual,0.027345
numeric__activity_months,0.026561
numeric__tenure_months,0.025216
numeric__total_payments,0.022052
numeric__net_revenue,0.021585
numeric__successful_payments,0.016912
numeric__avg_resolution_hours,0.015943
numeric__failed_payments,0.014925
numeric__age,0.013031
numeric__total_refunds,0.010636
numeric__total_support_tickets,0.007606
numeric__discount_pct,0.005065
