feature,mean_abs_shap,display_feature
numeric__tenure_months,0.04296314611304643,tenure months
numeric__activity_months,0.03252132830961216,activity months
numeric__successful_payments,0.0319736045375812,successful payments
categorical__contract_type_Monthly,0.026777045642864365,contract type Monthly
numeric__total_payments,0.024208906489729703,total payments
numeric__net_revenue,0.021772559335307126,net revenue
numeric__avg_engagement_score,0.01425190974103491,avg engagement score
numeric__avg_session_minutes,0.011212167935816895,avg session minutes
numeric__avg_monthly_logins,0.009873436868220205,avg monthly logins
numeric__avg_satisfaction_score,0.00959172411702891,avg satisfaction score
numeric__total_refunds,0.009538742266068342,total refunds
numeric__avg_features_used,0.009501206657930819,avg features used
categorical__contract_type_Annual,0.00895938056343358,contract type Annual
numeric__avg_monthly_sessions,0.008845318699033848,avg monthly sessions
categorical__contract_type_Quarterly,0.008714077776525327,contract type Quarterly
numeric__avg_resolution_hours,0.008132402877877315,avg resolution hours
numeric__age,0.007541095451914557,age
numeric__failed_payments,0.0071651542222553105,failed payments
numeric__total_support_tickets,0.003193541824682501,total support tickets
numeric__discount_pct,0.0030496629445637786,discount pct
numeric__monthly_charges,0.0021868166060616764,monthly charges
categorical__gender_Female,0.0021867495743706643,gender Female
categorical__plan_Basic,0.0021574908554770227,plan Basic
categorical__customer_segment_Consumer,0.0016348833105735206,customer segment Consumer
categorical__customer_segment_SMB,0.0015704318135721755,customer segment SMB
categorical__gender_Male,0.0015614598091375762,gender Male
categorical__payment_method_UPI,0.0014300506684426983,payment method UPI
categorical__plan_Standard,0.001377053177856224,plan Standard
categorical__state_Tamil Nadu,0.0013529724831708968,state Tamil Nadu
categorical__acquisition_channel_Google Ads,0.00130048252721443,acquisition channel Google Ads
categorical__payment_method_Debit Card,0.0012280322837950786,payment method Debit Card
categorical__payment_method_Credit Card,0.0011015129642661524,payment method Credit Card
categorical__acquisition_channel_Email Campaign,0.0010519088443043736,acquisition channel Email Campaign
categorical__payment_method_Auto Debit,0.0010443577768864717,payment method Auto Debit
categorical__city_Jaipur,0.0009832359709625832,city Jaipur
categorical__acquisition_channel_Organic Search,0.0009786101261913917,acquisition channel Organic Search
categorical__acquisition_channel_Social Media,0.0009740246509070594,acquisition channel Social Media
numeric__high_priority_tickets,0.0009671947502507595,high priority tickets
categorical__state_Punjab,0.0009187763589281117,state Punjab
categorical__city_Delhi,0.0008906547019621771,city Delhi
categorical__state_Maharashtra,0.0008616094331188456,state Maharashtra
categorical__acquisition_channel_Referral,0.0008527341220085179,acquisition channel Referral
categorical__plan_Premium,0.0008254327206600832,plan Premium
categorical__acquisition_channel_Partner,0.0007865435783874454,acquisition channel Partner
categorical__state_Uttar Pradesh,0.0007479314640149128,state Uttar Pradesh
categorical__customer_segment_Enterprise,0.0007086559113569892,customer segment Enterprise
categorical__state_Gujarat,0.0006910923601644868,state Gujarat
categorical__city_Lucknow,0.0006874438293476999,city Lucknow
categorical__state_Haryana,0.0006732336880156723,state Haryana
categorical__state_Bihar,0.0006514549949998537,state Bihar
categorical__city_Mumbai,0.0006399379897488843,city Mumbai
categorical__city_Pune,0.0006349759915172384,city Pune
categorical__state_Karnataka,0.0006206138925128006,state Karnataka
categorical__state_Telangana,0.0006099687910635672,state Telangana
categorical__state_Delhi,0.0005827172039193173,state Delhi
categorical__payment_method_Net Banking,0.0005691050372869473,payment method Net Banking
categorical__state_Rajasthan,0.0005662397454413132,state Rajasthan
categorical__city_Noida,0.0005565569454279935,city Noida
categorical__city_Chandigarh,0.0005401604237072324,city Chandigarh
categorical__state_West Bengal,0.0005268181662208458,state West Bengal
categorical__city_Chennai,0.0005247177809493324,city Chennai
categorical__city_Gurugram,0.0005105323373545227,city Gurugram
categorical__city_Patna,0.0005104625525973365,city Patna
categorical__city_Hyderabad,0.00047529325827044713,city Hyderabad
categorical__city_Ahmedabad,0.0004498521225051323,city Ahmedabad
categorical__city_Bengaluru,0.0004392800458380475,city Bengaluru
categorical__city_Kolkata,0.0004324166117873203,city Kolkata
categorical__plan_Enterprise,0.00030048984337129297,plan Enterprise
categorical__gender_Other,0.0001437769189949245,gender Other
categorical__acquisition_channel_Unknown,0.00010759307333304974,acquisition channel Unknown
